gmail.com,148
nordicsemi.no,92
intel.com,86
linaro.org,28
nxp.com,21
oticon.com,17
st.com,14
antmicro.com,10
synopsys.com,8
internships.antmicro.com,7
hotmail.com,7
codecoup.pl,6
demant.com,5
linux.intel.com,5
proglove.de,5
qq.com,5
lexmark.com,4
endian.se,4
broadcom.com,4
prevas.dk,4
opensourcefoundries.com,3
outlook.com,3
baylibre.com,3
googlemail.com,3
linumiz.com,3
iki.fi,3
stimio.fr,3
users.noreply.github.com,3
hidglobal.com,3
apache.org,3
tycho.nsa.gov,3
cesar.org.br,3
posteo.de,3
unisoc.com,3
setec.com.au,3
fb.com,3
ossystems.com.br,3
foundries.io,3
teenage.engineering,3
google.com,2
kernel.org,2
chromium.org,2
actinius.com,2
zilogic.com,2
foxmail.com,2
phytec.de,2
jabil.com,2
leica-geosystems.com,2
163.com,2
paratronic.fr,2
tado.com,2
cypress.com,2
lairdconnect.com,2
savoirfairelinux.com,2
andestech.com,2
exati.com.br,2
omsquare.com,2
denx.de,2
lemonbeat.com,2
yahoo.com,2
rndity.com,2
blik.io,2
zhaw.ch,2
lairdtech.com,2
grinn-global.com,2
acer.com,2
interay.com,2
fengch.me,2
makaio.com,2
yahoo.de,1
marples.net,1
protonmail.com,1
bitcraze.io,1
bose.com,1
peter-net.ch,1
bennellick.com,1
8bo.org,1
tlen.pl,1
scypho.com,1
electronshepherds.com,1
tridonic.com,1
iptronix.com,1
AssaAbloy.com,1
student.tugraz.at,1
tuwien.ac.at,1
taedcke.com,1
ajross-mobl.jf.intel.com,1
ledcity.ch,1
arm.com,1
emlix.com,1
uber.com,1
etactica.com,1
wilmers.no,1
jkdhn.me,1
greeneggs.se,1
st.oth-regensburg.de,1
zedblox.com,1
xilinx.com,1
ireq.ca,1
elco-automation.de,1
geanix.com,1
nexxiot.com,1
gnuless.org,1
ubicore.net,1
huantengsmart.com,1
nyekjaer.dk,1
espressif.com,1
hak.cx,1
riedonetworks.com,1
alexeicolin.com,1
nexus-software.ie,1
urishaked.com,1
nordicsemi.com,1
electromatic.us,1
jtan.com,1
cisco.com,1
makerdiary.com,1
inthat.cloud,1
vertile.com,1
cortland.com,1
hardinfo.org,1
team-embedded.nl,1
electronut.in,1
pabigot.com,1
absintheaudio.com,1
vestas.com,1
sekurity.fr,1
wachter.cloud,1
joshtriplett.org,1
embedjournal.com,1
home.org.au,1
vestermark.dk,1
sdalu.com,1
cloudbear.ru,1
itetech.pl,1
ucm.es,1
mikrotik.com,1
clage.de,1
soeren-tempel.net,1
bytesatwork.ch,1
madmachine.io,1
sifive.com,1
signal-fire.com,1
msn.com,1
prumo.org,1
monadnock.ca,1
konc.si,1
docs.electronut.in,1
yandex.ru,1
e-kirov.ru,1
xiaomi.com,1
softube.com,1
atx.name,1
lechnology.com,1
heig-vd.ch,1
fau.de,1
oss.nxp.com,1
si-vision.com,1
powersoft.it,1
assaabloy.com,1
swiftlabs.com,1
passive-logic.com,1
leapslabs.com,1
rmarramaque.com,1
ljh.me,1
fernandes.org,1
lfence.de,1
evilscientist.cc,1
ispace-inc.com,1
sandberg.pp.se,1
analog.com,1
upto.se,1
siemens.com,1
logitech.com,1
diac24.net,1
telenordigital.com,1
allterco.com,1
t-online.hu,1
data61.csiro.au,1
dexcom.com,1
twilio.com,1
peterjohanson.com,1
infineon.com,1
linux.com,1
jmgao.dev,1
ip-logix.com,1
vlotech.nl,1
aurel32.net,1
cblelectronics.com,1
frame.work,1
dxplore.eu,1
sixoctets.com,1
massaru.org,1
bcdevices.com,1
ya.ru,1
eggers-club.de,1
nimbelink.com,1
aliyun.com,1
kerestes.cz,1
weidmueller.com,1
cpdesign.com.au,1
engel.org,1
hamann.site,1
fastmail.com,1
stephanos.io,1
harmberntsen.nl,1
smile.fr,1
gmx.de,1
de.sauter-bc.com,1
husqvarnagroup.com,1
atmark-techno.com,1
amarulasolutions.com,1
markolsson.se,1
wdc.com,1
bearsh.org,1
bosch-sensortec.com,1
seitzassoc.com,1
videolan.org,1
yandex.com,1
libre.solar,1
ktownsend.com,1
short.pl,1
haxx.se,1
flex.com,1
reto-schneider.ch,1
kubisiak.com,1
intellinium.com,1
sanchezortega.es,1
lixom.net,1
davidmaitland.me,1
t15.red,1
witiproducts.com,1
brixandersen.dk,1
live.com,1
pm.me,1
kuba.fyi,1
ml-pa.com,1
manulytica.com,1
mailbox.org,1
m2i.co.kr,1
erwinrol.com,1
microchip.com,1
cdspooner.com,1
fenix-es.com,1
330plus.net,1
teslabs.com,1
